n_components,Distance Correlation
5,0.4440867457800856
10,0.5817148325991542
25,0.7575384726717601
50,0.856329388270976
