Kernel,Silhouette Score
RBF,0.3471146134378582
Polynomial,0.16244735471753613
