n_components,Distance Correlation
5,0.48796095215773444
10,0.5886515091604988
25,0.7862975147786678
50,0.8621459138301836
